map,epsilon,total_time
map3_red,0.5,21.931609869003296
map3_red,0.7,68.55056309700012
map3_red,0.9,715.3378698825836
