map,epsilon,total_time
map2,0.5,133.54044580459595
map2,0.7,264.62428283691406
map2,0.9,5505.783366441727
