map,epsilon,total_time
map1,0.5,75.77881741523743
map1,0.7,220.41619181632996
map1,0.9,2534.351837873459
