map,epsilon,total_time
map3,0.5,37.773961782455444
map3,0.7,170.99252939224243
map3,0.9,2230.043011903763
